State Name,County,Link
Arizona,Apache Junction,Apache Junction
Arizona,Carefree,Carefree
Arizona,Casa Grande,Casa Grande
Arizona,Cave Creek,Cave Creek
Arizona,Chino Valley,Chino Valley
Arizona,Clifton,Clifton
Arizona,Colorado City,Colorado City
Arizona,Coolidge,Coolidge
Arizona,Dewey-Humboldt,Dewey-Humboldt
Arizona,El Mirage,El Mirage
Arizona,Eloy,Eloy
Arizona,Florence,Florence
Arizona,Fredonia,Fredonia
Arizona,Gila Bend,Gila Bend
Arizona,Guadalupe,Guadalupe
Arizona,Lake Havasu City,Lake Havasu City
Arizona,Marana,Marana
Arizona,Page,Page
Arizona,Parker,Parker
Arizona,Payson,Payson
Arizona,Peoria,Peoria
Arizona,Pima County,Pima County
Arizona,Quartzsite,Quartzsite
Arizona,Sierra Vista,Sierra Vista
Arizona,Snowflake,Snowflake
Arizona,Somerton,Somerton
Arizona,Star Valley,Star Valley
Arizona,Thatcher,Thatcher
Arizona,Tombstone,Tombstone
Arizona,Tucson,Tucson
Arizona,Tusayan,Tusayan
Arizona,Willcox,Willcox
Arizona,Williams,Williams
Arizona,Yuma,Yuma
Alaska,King Cove,King Cove
Alaska,Sand Point,Sand Point
Alaska,Unalaska,Unalaska
Arkansas,Cave Springs,Cave Springs
Arkansas,Columbia County,Columbia County
Arkansas,Jackson County,Jackson County
Arkansas,Sebastian County,Sebastian County
Arkansas,Tontitown,Tontitown
Arkansas,White Hall,White Hall
California,Adelanto,Adelanto
California,Alhambra,Alhambra
California,Anaheim,Anaheim
California,Antioch,Antioch
California,Baldwin Park,Baldwin Park
California,Bear Valley,Bear Valley
California,Beverly Hills,Beverly Hills
California,Brea,Brea
California,Canyon Lake,Canyon Lake
California,Carmel Area Wastewater District,Carmel Area Wastewater District
California,Chico,Chico
California,Corcoran,Corcoran
California,Corona,Corona
California,Culver City,Culver City
California,Danville,Danville
California,El Segundo,El Segundo
California,Eureka,Eureka
California,Fairfax,Fairfax
California,Fullerton,Fullerton
California,Gridley,Gridley
California,Indio,Indio
California,La Mirada,La Mirada
California,La Puente,La Puente
California,Lemoore,Lemoore
California,Livingston,Livingston
California,Los Angeles,Los Angeles
California,Los Angeles County Metropolitan Transportation Authority,Los Angeles County Metropolitan Transportation Authority
California,Madera,Madera
California,Menifee,Menifee
California,Monrovia,Monrovia
California,Murrieta,Murrieta
California,Ontario,Ontario
California,Oxnard,Oxnard
California,Palo Alto,Palo Alto
California,Pinole,Pinole
California,Pismo Beach,Pismo Beach
California,Placerville,Placerville
California,Pleasant Valley Recreation and Park District,Pleasant Valley Recreation and Park District
California,Porterville,Porterville
California,Red Bluff,Red Bluff
California,Redlands,Redlands
California,Reedley,Reedley
California,Riverbank,Riverbank
California,Sacramento,Sacramento
California,San Benito County,San Benito County
California,San Bernardino,San Bernardino
California,San Bernardino County,San Bernardino County
California,San Diego County,San Diego County
California,San Francisco,San Francisco
California,San Gabriel,San Gabriel
California,San Joaquin,San Joaquin
California,San Marino,San Marino
California,Santa Fe Springs,Santa Fe Springs
California,Santa Paula,Santa Paula
California,Selma,Selma
California,Signal Hill,Signal Hill
California,Taft,Taft
California,Temple City,Temple City
California,Thousand Oaks,Thousand Oaks
California,Tulare,Tulare
California,Visalia,Visalia
California,Yolo County,Yolo County
California,Yucaipa,Yucaipa
California,Yucca Valley,Yucca Valley
Colorado,Akron,Akron
Colorado,Colorado Springs,Colorado Springs
Colorado,Creede,Creede
Colorado,Haxtun,Haxtun
Colorado,La Jara,La Jara
Colorado,Limon,Limon
Colorado,Morrison,Morrison
Colorado,Simla,Simla
Colorado,Vail,Vail
Colorado,Wiggins,Wiggins
Colorado,Winter Park,Winter Park
Connecticut,East Lyme,East Lyme
Connecticut,Hamden,Hamden
Connecticut,Oxford,Oxford
Connecticut,Salem,Salem
Connecticut,Waterbury,Waterbury
Florida,Boynton Beach,Boynton Beach
Florida,Briny Breezes,Briny Breezes
Florida,Hollywood,Hollywood
Florida,Lake Mary,Lake Mary
Florida,Melbourne Beach,Melbourne Beach
Florida,Mexico Beach,Mexico Beach
Florida,Palm Bay,Palm Bay
Florida,Palm Shores,Palm Shores
Florida,Pembroke Pines,Pembroke Pines
Florida,Pompano Beach,Pompano Beach
Florida,Weston,Weston
Hawaii,Honolulu,Honolulu
Idaho,Ada County,Ada County
Idaho,Ashton,Ashton
Idaho,Athol,Athol
Idaho,Bancroft,Bancroft
Idaho,Bellevue,Bellevue
Idaho,Benewah County,Benewah County
Idaho,Bingham County,Bingham County
Idaho,Blackfoot,Blackfoot
Idaho,Blaine County,Blaine County
Idaho,Boise,Boise
Idaho,Bonner County,Bonner County
Idaho,Bonners Ferry,Bonners Ferry
Idaho,Buhl,Buhl
Idaho,Burley,Burley
Idaho,Caldwell,Caldwell
Idaho,Cambridge,Cambridge
Idaho,Canyon County,Canyon County
Idaho,Cascade,Cascade
Idaho,Challis,Challis
Idaho,Chubbuck,Chubbuck
Idaho,Coeur D'Alene,Coeur D'Alene
Idaho,Cottonwood,Cottonwood
Idaho,Council,Council
Idaho,Craigmont,Craigmont
Idaho,Dalton Gardens,Dalton Gardens
Idaho,Deary,Deary
Idaho,Dietrich,Dietrich
Idaho,Dover,Dover
Idaho,Eagle,Eagle
Idaho,Eden,Eden
Idaho,Fairfield,Fairfield
Idaho,Filer,Filer
Idaho,Franklin,Franklin
Idaho,Franklin County,Franklin County
Idaho,Fruitland,Fruitland
Idaho,Gem County,Gem County
Idaho,Genesee,Genesee
Idaho,Glenns Ferry,Glenns Ferry
Idaho,Gooding,Gooding
Idaho,Grace,Grace
Idaho,Grangeville,Grangeville
Idaho,Hagerman,Hagerman
Idaho,Hailey,Hailey
Idaho,Hansen,Hansen
Idaho,Harrison,Harrison
Idaho,Hauser,Hauser
Idaho,Hayden,Hayden
Idaho,Hayden Lake,Hayden Lake
Idaho,Heyburn,Heyburn
Idaho,Hollister,Hollister
Idaho,Horseshoe Bend,Horseshoe Bend
Idaho,Idaho City,Idaho City
Idaho,Idaho County,Idaho County
Idaho,Jefferson County,Jefferson County
Idaho,Jerome,Jerome
Idaho,Kamiah,Kamiah
Idaho,Kellogg,Kellogg
Idaho,Kendrick,Kendrick
Idaho,Kimberly,Kimberly
Idaho,Kooskia,Kooskia
Idaho,Kootenai,Kootenai
Idaho,Kootenai County,Kootenai County
Idaho,Latah County,Latah County
Idaho,Lava Hot Springs,Lava Hot Springs
Idaho,McCall,McCall
Idaho,Melba,Melba
Idaho,Middleton,Middleton
Idaho,Minidoka County,Minidoka County
Idaho,Montpelier,Montpelier
Idaho,Mountain Home,Mountain Home
Idaho,Moyie Springs,Moyie Springs
Idaho,New Plymouth,New Plymouth
Idaho,Orofino,Orofino
Idaho,Owyhee County,Owyhee County
Idaho,Parma,Parma
Idaho,Paul,Paul
Idaho,Payette,Payette
Idaho,Payette County,Payette County
Idaho,Plummer,Plummer
Idaho,Pocatello,Pocatello
Idaho,Ponderay,Ponderay
Idaho,Power County,Power County
Idaho,Priest River,Priest River
Idaho,Rathdrum,Rathdrum
Idaho,Rigby,Rigby
Idaho,Rupert,Rupert
Idaho,Saint Maries,Saint Maries
Idaho,Salmon,Salmon
Idaho,Sandpoint,Sandpoint
Idaho,Shoshone,Shoshone
Idaho,Shoshone County,Shoshone County
Idaho,Spirit Lake,Spirit Lake
Idaho,Stanley,Stanley
Idaho,Sun Valley,Sun Valley
Idaho,Troy,Troy
Idaho,Twin Falls,Twin Falls
Idaho,Twin Falls County,Twin Falls County
Idaho,Valley County,Valley County
Idaho,Wallace,Wallace
Idaho,Washington County,Washington County
Idaho,Weiser,Weiser
Idaho,Wendell,Wendell
Idaho,Winchester,Winchester
Illinois,Abingdon,Abingdon
Illinois,Aledo,Aledo
Illinois,Alton,Alton
Illinois,Annawan,Annawan
Illinois,Antioch,Antioch
Illinois,Argenta,Argenta
Illinois,Athens,Athens
Illinois,Atlanta,Atlanta
Illinois,Atwood,Atwood
Illinois,Barrington Hills,Barrington Hills
Illinois,Barry,Barry
Illinois,Bartlett,Bartlett
Illinois,Batavia,Batavia
Illinois,Beach Park,Beach Park
Illinois,Bedford Park,Bedford Park
Illinois,Beecher,Beecher
Illinois,Belleville,Belleville
Illinois,Bellwood,Bellwood
Illinois,Bensenville,Bensenville
Illinois,Berkeley,Berkeley
Illinois,Berwyn,Berwyn
Illinois,Bloomingdale,Bloomingdale
Illinois,Blue Island,Blue Island
Illinois,Bowen,Bowen
Illinois,Brighton,Brighton
Illinois,Broadview,Broadview
Illinois,Broadwell,Broadwell
Illinois,Buckingham,Buckingham
Illinois,Calumet Park,Calumet Park
Illinois,Campton Hills,Campton Hills
Illinois,Canton,Canton
Illinois,Carbondale,Carbondale
Illinois,Carmi,Carmi
Illinois,Carol Stream,Carol Stream
Illinois,Carrollton,Carrollton
Illinois,Carthage,Carthage
Illinois,Cerro Gordo,Cerro Gordo
Illinois,Channahon,Channahon
Illinois,Charleston,Charleston
Illinois,Chatham,Chatham
Illinois,Chebanse,Chebanse
Illinois,Chenoa,Chenoa
Illinois,Chicago,Chicago
Illinois,Chrisman,Chrisman
Illinois,Christopher,Christopher
Illinois,Clinton,Clinton
Illinois,Colona,Colona
Illinois,Countryside,Countryside
Illinois,Creal Springs,Creal Springs
Illinois,Crestwood,Crestwood
Illinois,Creve Coeur,Creve Coeur
Illinois,Danville,Danville
Illinois,Darien,Darien
Illinois,Deerfield,Deerfield
Illinois,De Land,De Land
Illinois,Des Plaines,Des Plaines
Illinois,DeWitt County,DeWitt County
Illinois,Diamond,Diamond
Illinois,Dieterich,Dieterich
Illinois,Divernon,Divernon
Illinois,Dixon,Dixon
Illinois,East Dubuque,East Dubuque
Illinois,East Dundee,East Dundee
Illinois,East Moline,East Moline
Illinois,Elk Grove Village,Elk Grove Village
Illinois,Elwood,Elwood
Illinois,Erie,Erie
Illinois,Evergreen Park,Evergreen Park
Illinois,Fairfield,Fairfield
Illinois,Farmer City,Farmer City
Illinois,Flanagan,Flanagan
Illinois,Flora,Flora
Illinois,Forest Park,Forest Park
Illinois,Forest View,Forest View
Illinois,Forreston,Forreston
Illinois,Fox Lake,Fox Lake
Illinois,Frankfort,Frankfort
Illinois,Franklin County,Franklin County
Illinois,Franklin Grove,Franklin Grove
Illinois,Freeport,Freeport
Illinois,Fulton,Fulton
Illinois,Galena,Galena
Illinois,Galesburg,Galesburg
Illinois,Gardner,Gardner
Illinois,Germantown Hills,Germantown Hills
Illinois,Glen Carbon,Glen Carbon
Illinois,Glencoe,Glencoe
Illinois,Glendale Heights,Glendale Heights
Illinois,Golf,Golf
Illinois,Grafton,Grafton
Illinois,Grand Ridge,Grand Ridge
Illinois,Grandview,Grandview
Illinois,Grant Park,Grant Park
Illinois,Grayville,Grayville
Illinois,Green Oaks,Green Oaks
Illinois,Greenview,Greenview
Illinois,Greenville,Greenville
Illinois,Grundy County,Grundy County
Illinois,Hamel,Hamel
Illinois,Hamilton,Hamilton
Illinois,Hampshire,Hampshire
Illinois,Hanna City,Hanna City
Illinois,Hanover,Hanover
Illinois,Hawthorn Woods,Hawthorn Woods
Illinois,Hecker,Hecker
Illinois,Herrick,Herrick
Illinois,Herscher,Herscher
Illinois,Heyworth,Heyworth
Illinois,Highwood,Highwood
Illinois,Hinsdale,Hinsdale
Illinois,Hodgkins,Hodgkins
Illinois,Hoopeston,Hoopeston
Illinois,Hudson,Hudson
Illinois,Inverness,Inverness
Illinois,Itasca,Itasca
Illinois,Jersey County,Jersey County
Illinois,Jerseyville,Jerseyville
Illinois,Jo Daviess County,Jo Daviess County
Illinois,Johnston City,Johnston City
Illinois,Justice,Justice
Illinois,Kane County,Kane County
Illinois,Kansas,Kansas
Illinois,Karnak,Karnak
Illinois,Keithsburg,Keithsburg
Illinois,Kenilworth,Kenilworth
Illinois,Kewanee,Kewanee
Illinois,Kildeer,Kildeer
Illinois,Kirkland,Kirkland
Illinois,Lacon,Lacon
Illinois,La Grange Park,La Grange Park
Illinois,Lake Barrington,Lake Barrington
Illinois,Lake Bluff,Lake Bluff
Illinois,Lake County,Lake County
Illinois,Lake Forest,Lake Forest
Illinois,Lakemoor,Lakemoor
Illinois,Lake Villa,Lake Villa
Illinois,Lake Zurich,Lake Zurich
Illinois,Lanark,Lanark
Illinois,LaSalle,LaSalle
Illinois,Lee County,Lee County
Illinois,Leland,Leland
Illinois,Leland Grove,Leland Grove
Illinois,Leyden,Leyden
Illinois,Lindenhurst,Lindenhurst
Illinois,Lisle,Lisle
Illinois,Lockport,Lockport
Illinois,Lyons,Lyons
Illinois,Macon County,Macon County
Illinois,Macoupin County,Macoupin County
Illinois,Madison,Madison
Illinois,Madison County,Madison County
Illinois,Mahomet,Mahomet
Illinois,Manhattan,Manhattan
Illinois,Manteno,Manteno
Illinois,Marion,Marion
Illinois,Marissa,Marissa
Illinois,Markham,Markham
Illinois,Marquette Heights,Marquette Heights
Illinois,Marseilles,Marseilles
Illinois,Marshall,Marshall
Illinois,Martinsville,Martinsville
Illinois,Maryville,Maryville
Illinois,Matherville,Matherville
Illinois,Matteson,Matteson
Illinois,Mattoon,Mattoon
Illinois,Maywood,Maywood
Illinois,Mazon,Mazon
Illinois,McHenry,McHenry
Illinois,McHenry County,McHenry County
Illinois,Metra,Metra
Illinois,Metropolis,Metropolis
Illinois,Mettawa,Mettawa
Illinois,Midlothian,Midlothian
Illinois,Milan,Milan
Illinois,Millstadt,Millstadt
Illinois,Minooka,Minooka
Illinois,Mokena,Mokena
Illinois,Moline,Moline
Illinois,Momence,Momence
Illinois,Monee,Monee
Illinois,Monticello,Monticello
Illinois,Mount Carroll,Mount Carroll
Illinois,Mount Morris,Mount Morris
Illinois,Mount Prospect,Mount Prospect
Illinois,Mount Pulaski,Mount Pulaski
Illinois,Mount Vernon,Mount Vernon
Illinois,Moweaqua,Moweaqua
Illinois,Nashville,Nashville
Illinois,Nauvoo,Nauvoo
Illinois,North Barrington,North Barrington
Illinois,Northeast Illinois Regional Commuter Railroad Corporation,Northeast Illinois Regional Commuter Railroad Corporation
Illinois,Northlake,Northlake
Illinois,North Pekin,North Pekin
Illinois,North Utica,North Utica
Illinois,Oak Brook,Oak Brook
Illinois,Oakbrook Terrace,Oakbrook Terrace
Illinois,Oak Forest,Oak Forest
Illinois,Oak Lawn,Oak Lawn
Illinois,Oak Park,Oak Park
Illinois,O'Fallon,O'Fallon
Illinois,Ogle County,Ogle County
Illinois,Oreana,Oreana
Illinois,Orland Hills,Orland Hills
Illinois,Orland Park,Orland Park
Illinois,Palos Heights,Palos Heights
Illinois,Palos Park,Palos Park
Illinois,Paris,Paris
Illinois,Pawnee,Pawnee
Illinois,Paxton,Paxton
Illinois,Peoria Heights,Peoria Heights
Illinois,Peotone,Peotone
Illinois,Pinckneyville,Pinckneyville
Illinois,Pingree Grove,Pingree Grove
Illinois,Pittsfield,Pittsfield
Illinois,Plano,Plano
Illinois,Polo,Polo
Illinois,Posen,Posen
Illinois,Princeton,Princeton
Illinois,Prospect Heights,Prospect Heights
Illinois,Quincy,Quincy
Illinois,Ramsey,Ramsey
Illinois,Richton Park,Richton Park
Illinois,River Forest,River Forest
Illinois,River Grove,River Grove
Illinois,Riverside,Riverside
Illinois,Riverton,Riverton
Illinois,Riverwoods,Riverwoods
Illinois,Roanoke,Roanoke
Illinois,Rochester,Rochester
Illinois,Rock Island,Rock Island
Illinois,Rock Island County,Rock Island County
Illinois,Romeoville,Romeoville
Illinois,Rosemont,Rosemont
Illinois,Roxana,Roxana
Illinois,Saint Anne,Saint Anne
Illinois,Saint Joseph,Saint Joseph
Illinois,San Jose,San Jose
Illinois,Savanna,Savanna
Illinois,Scales Mound,Scales Mound
Illinois,Schiller Park,Schiller Park
Illinois,Seneca,Seneca
Illinois,Shannon,Shannon
Illinois,Sherman,Sherman
Illinois,Shiloh,Shiloh
Illinois,Shorewood,Shorewood
Illinois,South Barrington,South Barrington
Illinois,South Elgin,South Elgin
Illinois,Southern View,Southern View
Illinois,South Jacksonville,South Jacksonville
Illinois,South Roxana,South Roxana
Illinois,Sparta,Sparta
Illinois,Spaulding,Spaulding
Illinois,Spring Valley,Spring Valley
Illinois,Staunton,Staunton
Illinois,Stockton,Stockton
Illinois,Stone Park,Stone Park
Illinois,Streamwood,Streamwood
Illinois,Stronghurst,Stronghurst
Illinois,Sugar Grove,Sugar Grove
Illinois,Swansea,Swansea
Illinois,Sycamore,Sycamore
Illinois,Taylorville,Taylorville
Illinois,Tazewell County,Tazewell County
Illinois,Tinley Park,Tinley Park
Illinois,Tolono,Tolono
Illinois,Toluca,Toluca
Illinois,Tremont,Tremont
Illinois,Troy,Troy
Illinois,Tuscola,Tuscola
Illinois,Vienna,Vienna
Illinois,Villa Grove,Villa Grove
Illinois,Virginia,Virginia
Illinois,Wadsworth,Wadsworth
Illinois,Wapella,Wapella
Illinois,Warrenville,Warrenville
Illinois,Washburn,Washburn
Illinois,Waterloo,Waterloo
Illinois,Waterman,Waterman
Illinois,Watseka,Watseka
Illinois,Wayne,Wayne
Illinois,Wayne City,Wayne City
Illinois,Wenona,Wenona
Illinois,West Dundee,West Dundee
Illinois,Western Springs,Western Springs
Illinois,Will County,Will County
Illinois,Willowbrook,Willowbrook
Illinois,Winfield,Winfield
Illinois,Winnetka,Winnetka
Illinois,Winthrop Harbor,Winthrop Harbor
Illinois,Wood Dale,Wood Dale
Illinois,Woodridge,Woodridge
Illinois,Wood River,Wood River
Illinois,Woodstock,Woodstock
Illinois,Worth,Worth
Indiana,Adams County,Adams County
Indiana,Advance,Advance
Indiana,Akron,Akron
Indiana,Albany,Albany
Indiana,Albion,Albion
Indiana,Alexandria,Alexandria
Indiana,Andrews,Andrews
Indiana,Arcadia,Arcadia
Indiana,Argos,Argos
Indiana,Ashley,Ashley
Indiana,Atlanta,Atlanta
Indiana,Aurora,Aurora
Indiana,Austin,Austin
Indiana,Avilla,Avilla
Indiana,Bainbridge,Bainbridge
Indiana,Bargersville,Bargersville
Indiana,Bartholomew County,Bartholomew County
Indiana,Bedford,Bedford
Indiana,Beech Grove,Beech Grove
Indiana,Berne,Berne
Indiana,Beverly Shores,Beverly Shores
Indiana,Boone County,Boone County
Indiana,Boswell,Boswell
Indiana,Bourbon,Bourbon
Indiana,Brazil,Brazil
Indiana,Bremen,Bremen
Indiana,Brooklyn,Brooklyn
Indiana,Brookston,Brookston
Indiana,Brownsburg,Brownsburg
Indiana,Brownstown,Brownstown
Indiana,Butler,Butler
Indiana,Carmel,Carmel
Indiana,Cass County,Cass County
Indiana,Cedar Lake,Cedar Lake
Indiana,Centerville,Centerville
Indiana,Chandler,Chandler
Indiana,Charlestown,Charlestown
Indiana,Chesterton,Chesterton
Indiana,Cicero,Cicero
Indiana,Clark County,Clark County
Indiana,Clarksville,Clarksville
Indiana,Clayton,Clayton
Indiana,Clear Lake,Clear Lake
Indiana,Clinton,Clinton
Indiana,Cloverdale,Cloverdale
Indiana,Columbia City,Columbia City
Indiana,Columbus,Columbus
Indiana,Connersville,Connersville
Indiana,Crawfordsville,Crawfordsville
Indiana,Crothersville,Crothersville
Indiana,Culver,Culver
Indiana,Daleville,Daleville
Indiana,Dana,Dana
Indiana,Danville,Danville
Indiana,Darlington,Darlington
Indiana,Daviess County,Daviess County
Indiana,Dearborn County,Dearborn County
Indiana,Decatur,Decatur
Indiana,Decatur County,Decatur County
Indiana,Dubois County,Dubois County
Indiana,Dyer,Dyer
Indiana,East Chicago,East Chicago
Indiana,Edinburgh,Edinburgh
Indiana,Elkhart,Elkhart
Indiana,Elkhart County,Elkhart County
Indiana,Ellettsville,Ellettsville
Indiana,Elnora,Elnora
Indiana,Farmland,Farmland
Indiana,Fishers,Fishers
Indiana,Flora,Flora
Indiana,Floyd County,Floyd County
Indiana,Fortville,Fortville
Indiana,Fort Wayne,Fort Wayne
Indiana,Frankfort,Frankfort
Indiana,Fremont,Fremont
Indiana,Galveston,Galveston
Indiana,Gas City,Gas City
Indiana,Georgetown,Georgetown
Indiana,Goodland,Goodland
Indiana,Greendale,Greendale
Indiana,Greene County,Greene County
Indiana,Greenfield,Greenfield
Indiana,Greensburg,Greensburg
Indiana,Greentown,Greentown
Indiana,Greenville,Greenville
Indiana,Greenwood,Greenwood
Indiana,Hagerstown,Hagerstown
Indiana,Hamilton,Hamilton
Indiana,Hammond,Hammond
Indiana,Hancock County,Hancock County
Indiana,Hanover,Hanover
Indiana,Hartford City,Hartford City
Indiana,Hendricks County,Hendricks County
Indiana,Hillsboro,Hillsboro
Indiana,Howard County,Howard County
Indiana,Huntertown,Huntertown
Indiana,Huntingburg,Huntingburg
Indiana,Huntington,Huntington
Indiana,Ingalls,Ingalls
Indiana,Jasonville,Jasonville
Indiana,Jennings County,Jennings County
Indiana,Jonesboro,Jonesboro
Indiana,Kirklin,Kirklin
Indiana,Knox County,Knox County
Indiana,Kokomo,Kokomo
Indiana,Kouts,Kouts
Indiana,LaGrange,LaGrange
Indiana,Lake County,Lake County
Indiana,LaPorte County,LaPorte County
Indiana,Lawrence,Lawrence
Indiana,Lawrenceburg,Lawrenceburg
Indiana,Lebanon,Lebanon
Indiana,Leesburg,Leesburg
Indiana,Leo-Cedarville,Leo-Cedarville
Indiana,Liberty,Liberty
Indiana,Ligonier,Ligonier
Indiana,Linton,Linton
Indiana,Long Beach,Long Beach
Indiana,Lowell,Lowell
Indiana,Lynnville,Lynnville
Indiana,Madison,Madison
Indiana,Marion,Marion
Indiana,Marshall County,Marshall County
Indiana,McCordsville,McCordsville
Indiana,Middlebury,Middlebury
Indiana,Milan,Milan
Indiana,Millersburg,Millersburg
Indiana,Monon,Monon
Indiana,Monroeville,Monroeville
Indiana,Monrovia,Monrovia
Indiana,Monticello,Monticello
Indiana,Moores Hill,Moores Hill
Indiana,Mooresville,Mooresville
Indiana,Morgan County,Morgan County
Indiana,Morgantown,Morgantown
Indiana,Morristown,Morristown
Indiana,Mount Vernon,Mount Vernon
Indiana,Mulberry,Mulberry
Indiana,New Albany,New Albany
Indiana,Newburgh,Newburgh
Indiana,New Carlisle,New Carlisle
Indiana,New Castle,New Castle
Indiana,New Haven,New Haven
Indiana,New Palestine,New Palestine
Indiana,New Whiteland,New Whiteland
Indiana,Noblesville,Noblesville
Indiana,North Judson,North Judson
Indiana,North Manchester,North Manchester
Indiana,Ohio County,Ohio County
Indiana,Oolitic,Oolitic
Indiana,Orland,Orland
Indiana,Osgood,Osgood
Indiana,Otterbein,Otterbein
Indiana,Owen County,Owen County
Indiana,Paoli,Paoli
Indiana,Patriot,Patriot
Indiana,Pendleton,Pendleton
Indiana,Perry County,Perry County
Indiana,Peru,Peru
Indiana,Pierceton,Pierceton
Indiana,Plainfield,Plainfield
Indiana,Prince's Lake,Prince's Lake
Indiana,Pulaski County,Pulaski County
Indiana,Putnam County,Putnam County
Indiana,Richmond,Richmond
Indiana,Ripley County,Ripley County
Indiana,Rising Sun,Rising Sun
Indiana,Roachdale,Roachdale
Indiana,Roanoke,Roanoke
Indiana,Rochester,Rochester
Indiana,Rockville,Rockville
Indiana,Rossville,Rossville
Indiana,Rushville,Rushville
Indiana,Schererville,Schererville
Indiana,Sellersburg,Sellersburg
Indiana,Selma,Selma
Indiana,Seymour,Seymour
Indiana,Shelbyville,Shelbyville
Indiana,Sheridan,Sheridan
Indiana,Shirley,Shirley
Indiana,Sidney,Sidney
Indiana,South Whitley,South Whitley
Indiana,Spencer County,Spencer County
Indiana,Spring Lake,Spring Lake
Indiana,Sunman,Sunman
Indiana,Sweetser,Sweetser
Indiana,Switzerland County,Switzerland County
Indiana,Tell City,Tell City
Indiana,Thorntown,Thorntown
Indiana,Tippecanoe County,Tippecanoe County
Indiana,Topeka,Topeka
Indiana,Trafalgar,Trafalgar
Indiana,Union City,Union City
Indiana,Upland,Upland
Indiana,Valparaiso,Valparaiso
Indiana,Vevay,Vevay
Indiana,Vincennes,Vincennes
Indiana,Walkerton,Walkerton
Indiana,Warren,Warren
Indiana,Warrick County,Warrick County
Indiana,Washington,Washington
Indiana,Waterloo,Waterloo
Indiana,Wayne County,Wayne County
Indiana,West Terre Haute,West Terre Haute
Indiana,Whiteland,Whiteland
Indiana,Winamac,Winamac
Indiana,Winchester,Winchester
Indiana,Windfall,Windfall
Indiana,Winfield,Winfield
Indiana,Woodburn,Woodburn
Indiana,Worthington,Worthington
Indiana,Yorktown,Yorktown
Indiana,Zionsville,Zionsville
Iowa,Adel,Adel
Iowa,Altoona,Altoona
Iowa,Anamosa,Anamosa
Iowa,Ankeny,Ankeny
Iowa,Aurelia,Aurelia
Iowa,Beacon,Beacon
Iowa,Bedford,Bedford
Iowa,Bettendorf,Bettendorf
Iowa,Boone,Boone
Iowa,Brandon,Brandon
Iowa,Carroll,Carroll
Iowa,Cascade,Cascade
Iowa,Clarion,Clarion
Iowa,Clear Lake,Clear Lake
Iowa,Clinton,Clinton
Iowa,Clive,Clive
Iowa,Coralville,Coralville
Iowa,Creston,Creston
Iowa,Cumming,Cumming
Iowa,Dallas Center,Dallas Center
Iowa,Davis City,Davis City
Iowa,Denison,Denison
Iowa,DeWitt,DeWitt
Iowa,Dubuque,Dubuque
Iowa,Durant,Durant
Iowa,Dyersville,Dyersville
Iowa,Eagle Grove,Eagle Grove
Iowa,Earlham,Earlham
Iowa,Eldridge,Eldridge
Iowa,Elgin,Elgin
Iowa,Elkader,Elkader
Iowa,Elk Run Heights,Elk Run Heights
Iowa,Ely,Ely
Iowa,Evansdale,Evansdale
Iowa,Fairbank,Fairbank
Iowa,Forest City,Forest City
Iowa,Fort Madison,Fort Madison
Iowa,Garnavillo,Garnavillo
Iowa,Garner,Garner
Iowa,Grinnell,Grinnell
Iowa,Guthrie County,Guthrie County
Iowa,Hiawatha,Hiawatha
Iowa,Holstein,Holstein
Iowa,Hudson,Hudson
Iowa,Humboldt,Humboldt
Iowa,Independence,Independence
Iowa,Indianola,Indianola
Iowa,Iowa City,Iowa City
Iowa,Jesup,Jesup
Iowa,Kalona,Kalona
Iowa,Kingsley,Kingsley
Iowa,Knoxville,Knoxville
Iowa,LeClaire,LeClaire
Iowa,Le Mars,Le Mars
Iowa,Lisbon,Lisbon
Iowa,Manchester,Manchester
Iowa,Maquoketa,Maquoketa
Iowa,Marion County,Marion County
Iowa,Marshalltown,Marshalltown
Iowa,Mason City,Mason City
Iowa,Missouri Valley,Missouri Valley
Iowa,Mitchellville,Mitchellville
Iowa,Monticello,Monticello
Iowa,Moulton,Moulton
Iowa,Mount Vernon,Mount Vernon
Iowa,Nevada,Nevada
Iowa,Newton,Newton
Iowa,North Liberty,North Liberty
Iowa,Norwalk,Norwalk
Iowa,Ogden,Ogden
Iowa,Orange City,Orange City
Iowa,Orleans,Orleans
Iowa,Osceola,Osceola
Iowa,Oxford,Oxford
Iowa,Palo,Palo
Iowa,Pella,Pella
Iowa,Peosta,Peosta
Iowa,Pleasantville,Pleasantville
Iowa,Prairie City,Prairie City
Iowa,Reinbeck,Reinbeck
Iowa,Riverdale,Riverdale
Iowa,Roland,Roland
Iowa,Runnells,Runnells
Iowa,Sac City,Sac City
Iowa,Sanborn,Sanborn
Iowa,Searsboro,Searsboro
Iowa,Sergeant Bluff,Sergeant Bluff
Iowa,Sheldon,Sheldon
Iowa,Spencer,Spencer
Iowa,Steamboat Rock,Steamboat Rock
Iowa,Story City,Story City
Iowa,Story County,Story County
Iowa,Toledo,Toledo
Iowa,Urbandale,Urbandale
Iowa,Van Meter,Van Meter
Iowa,Ventura,Ventura
Iowa,Vinton,Vinton
Iowa,Walcott,Walcott
Iowa,Washington,Washington
Iowa,Waterloo,Waterloo
Iowa,Waukee,Waukee
Iowa,Waukon,Waukon
Iowa,Wellsburg,Wellsburg
Iowa,West Bend,West Bend
Iowa,West Branch,West Branch
Iowa,West Burlington,West Burlington
Iowa,West Des Moines,West Des Moines
Iowa,West Liberty,West Liberty
Iowa,Windsor Heights,Windsor Heights
Iowa,Wyoming,Wyoming
Kansas,Alma,Alma
Kansas,Burns,Burns
Kansas,Claflin,Claflin
Kansas,Emporia,Emporia
Kansas,Hill City,Hill City
Kansas,Howard,Howard
Kansas,Humboldt,Humboldt
Kansas,Kingman,Kingman
Kansas,Linwood,Linwood
Kansas,McCracken,McCracken
Kansas,Scott City,Scott City
Kansas,Wamego,Wamego
Kentucky,Alexandria,Alexandria
Kentucky,Ashland,Ashland
Kentucky,Auburn,Auburn
Kentucky,Audubon Park,Audubon Park
Kentucky,Augusta,Augusta
Kentucky,Bancroft,Bancroft
Kentucky,Bardstown,Bardstown
Kentucky,Barren County,Barren County
Kentucky,Bellevue,Bellevue
Kentucky,Bellewood,Bellewood
Kentucky,Berea,Berea
Kentucky,Boone County,Boone County
Kentucky,Bowling Green,Bowling Green
Kentucky,Bromley,Bromley
Kentucky,Cadiz,Cadiz
Kentucky,Campbell County,Campbell County
Kentucky,Campbellsville,Campbellsville
Kentucky,Cave City,Cave City
Kentucky,Clark County,Clark County
Kentucky,Cloverport,Cloverport
Kentucky,Cold Spring,Cold Spring
Kentucky,Corydon,Corydon
Kentucky,Covington,Covington
Kentucky,Crescent Springs,Crescent Springs
Kentucky,Crestview Hills,Crestview Hills
Kentucky,Crittenden,Crittenden
Kentucky,Danville,Danville
Kentucky,Daviess County,Daviess County
Kentucky,Dawson Springs,Dawson Springs
Kentucky,Dayton,Dayton
Kentucky,Douglass Hills,Douglass Hills
Kentucky,Dry Ridge,Dry Ridge
Kentucky,Earlington,Earlington
Kentucky,Edgewood,Edgewood
Kentucky,Elizabethtown,Elizabethtown
Kentucky,Elsmere,Elsmere
Kentucky,Eminence,Eminence
Kentucky,Erlanger,Erlanger
Kentucky,Falmouth,Falmouth
Kentucky,Flemingsburg,Flemingsburg
Kentucky,Florence,Florence
Kentucky,Forest Hills,Forest Hills
Kentucky,Fort Mitchell,Fort Mitchell
Kentucky,Fort Thomas,Fort Thomas
Kentucky,Fort Wright,Fort Wright
Kentucky,Franklin,Franklin
Kentucky,Franklin County,Franklin County
Kentucky,Fulton,Fulton
Kentucky,Glasgow,Glasgow
Kentucky,Graymoor-Devondale,Graymoor-Devondale
Kentucky,Grayson,Grayson
Kentucky,Green Spring,Green Spring
Kentucky,Guthrie,Guthrie
Kentucky,Hazard,Hazard
Kentucky,Hickory Hill,Hickory Hill
Kentucky,Highland Heights,Highland Heights
Kentucky,Hillview,Hillview
Kentucky,Hodgenville,Hodgenville
Kentucky,Hopkinsville,Hopkinsville
Kentucky,Hurstbourne,Hurstbourne
Kentucky,Independence,Independence
Kentucky,Indian Hills,Indian Hills
Kentucky,Irvine,Irvine
Kentucky,Jessamine County,Jessamine County
Kentucky,Kenton County,Kenton County
Kentucky,Kenton County Airport Board,Kenton County Airport Board
Kentucky,LaGrange,LaGrange
Kentucky,Lakeside Park,Lakeside Park
Kentucky,Lawrenceburg,Lawrenceburg
Kentucky,Leitchfield,Leitchfield
Kentucky,Lewisport,Lewisport
Kentucky,"Lexington-Fayette County, KY","Lexington-Fayette County, KY"
Kentucky,Lincoln County,Lincoln County
Kentucky,Louisville-Jefferson County,Louisville-Jefferson County
Kentucky,Ludlow,Ludlow
Kentucky,Lyndon,Lyndon
Kentucky,Madisonville,Madisonville
Kentucky,Marion,Marion
Kentucky,McCracken County,McCracken County
Kentucky,McKee,McKee
Kentucky,McLean County,McLean County
Kentucky,Middletown,Middletown
Kentucky,Midway,Midway
Kentucky,Morehead,Morehead
Kentucky,Morgantown,Morgantown
Kentucky,Mount Vernon,Mount Vernon
Kentucky,Mount Washington,Mount Washington
Kentucky,Munfordville,Munfordville
Kentucky,Murray,Murray
Kentucky,Newport,Newport
Kentucky,Nicholasville,Nicholasville
Kentucky,Nortonville,Nortonville
Kentucky,Oldham County,Oldham County
Kentucky,Olive Hill,Olive Hill
Kentucky,Owenton,Owenton
Kentucky,Owingsville,Owingsville
Kentucky,Paintsville,Paintsville
Kentucky,Paris,Paris
Kentucky,Park Hills,Park Hills
Kentucky,Pewee Valley,Pewee Valley
Kentucky,Pikeville,Pikeville
Kentucky,Pineville,Pineville
Kentucky,Plantation,Plantation
Kentucky,Prospect,Prospect
Kentucky,Richmond,Richmond
Kentucky,Saint Matthews,Saint Matthews
Kentucky,Saint Regis Park,Saint Regis Park
Kentucky,Scottsville,Scottsville
Kentucky,Seneca Gardens,Seneca Gardens
Kentucky,Shelbyville,Shelbyville
Kentucky,Shepherdsville,Shepherdsville
Kentucky,Shively,Shively
Kentucky,Silver Grove,Silver Grove
Kentucky,Simpsonville,Simpsonville
Kentucky,Southgate,Southgate
Kentucky,Taylor Mill,Taylor Mill
Kentucky,Union,Union
Kentucky,Versailles,Versailles
Kentucky,Villa Hills,Villa Hills
Kentucky,Walton,Walton
Kentucky,Warsaw,Warsaw
Kentucky,West Buechel,West Buechel
Kentucky,West Point,West Point
Kentucky,Wickliffe,Wickliffe
Kentucky,Wilder,Wilder
Kentucky,Wilmore,Wilmore
Kentucky,Windy Hills,Windy Hills
Kentucky,Woodford County,Woodford County
Kentucky,Woodlawn Park,Woodlawn Park
Maryland,Anne Arundel County,Anne Arundel County
Maryland,Carroll County,Carroll County
Maryland,Chestertown,Chestertown
Maryland,Frederick County,Frederick County
Maryland,Garrett County,Garrett County
Maryland,Montgomery County,Montgomery County
Massachusetts,Boston,Boston
Michigan,Alanson,Alanson
Michigan,Auburn,Auburn
Michigan,Battle Creek,Battle Creek
Michigan,Big Rapids,Big Rapids
Michigan,Bingham Farms,Bingham Farms
Michigan,Birch Run,Birch Run
Michigan,Bronson,Bronson
Michigan,Burtchville Township,Burtchville Township
Michigan,Burton,Burton
Michigan,Calumet,Calumet
Michigan,Charlevoix,Charlevoix
Michigan,Charlotte,Charlotte
Michigan,Cheboygan,Cheboygan
Michigan,Clayton Charter Township,Clayton Charter Township
Michigan,Clinton Charter Township,Clinton Charter Township
Michigan,Concord Township,Concord Township
Michigan,Croswell,Croswell
Michigan,Davison,Davison
Michigan,Dearborn,Dearborn
Michigan,Dimondale,Dimondale
Michigan,Douglas,Douglas
Michigan,East Grand Rapids,East Grand Rapids
Michigan,Eau Claire,Eau Claire
Michigan,Flint,Flint
Michigan,Fowler,Fowler
Michigan,Franklin,Franklin
Michigan,Fremont,Fremont
Michigan,Garden City,Garden City
Michigan,Gladwin,Gladwin
Michigan,Grand Blanc,Grand Blanc
Michigan,Grass Lake,Grass Lake
Michigan,Hamtramck,Hamtramck
Michigan,Hancock,Hancock
Michigan,Hart,Hart
Michigan,Holly,Holly
Michigan,Homer,Homer
Michigan,Hopkins Township,Hopkins Township
Michigan,Howell,Howell
Michigan,Imlay City,Imlay City
Michigan,Inkster,Inkster
Michigan,Ionia,Ionia
Michigan,Kingsley,Kingsley
Michigan,Kochville Township,Kochville Township
Michigan,Lake Orion,Lake Orion
Michigan,Lincoln Park,Lincoln Park
Michigan,Linden,Linden
Michigan,Manchester,Manchester
Michigan,Marine City,Marine City
Michigan,Mason,Mason
Michigan,Memphis,Memphis
Michigan,Montrose Charter Township,Montrose Charter Township
Michigan,Mount Pleasant,Mount Pleasant
Michigan,Mussey Township,Mussey Township
Michigan,Negaunee,Negaunee
Michigan,Parma Township,Parma Township
Michigan,Perry,Perry
Michigan,Pewamo,Pewamo
Michigan,Pinckney,Pinckney
Michigan,Plainwell,Plainwell
Michigan,Plymouth Township,Plymouth Township
Michigan,Reading,Reading
Michigan,Reed City,Reed City
Michigan,Rothbury,Rothbury
Michigan,Saginaw,Saginaw
Michigan,Saint Johns,Saint Johns
Michigan,Saugatuck,Saugatuck
Michigan,Scottville,Scottville
Michigan,Sebewaing,Sebewaing
Michigan,Silver Creek Township,Silver Creek Township
Michigan,Somerset Township,Somerset Township
Michigan,Southgate,Southgate
Michigan,Sparta Township,Sparta Township
Michigan,Spaulding Township,Spaulding Township
Michigan,Sterling Heights,Sterling Heights
Michigan,Summit Township,Summit Township
Michigan,Three Oaks,Three Oaks
Michigan,Tuscarora Township,Tuscarora Township
Michigan,Union City,Union City
Michigan,Wayne,Wayne
Michigan,Webberville,Webberville
Michigan,Williamstown Township,Williamstown Township
Michigan,Wolverine Lake,Wolverine Lake
Michigan,Wyandotte,Wyandotte
Minnesota,Afton,Afton
Minnesota,Aitkin,Aitkin
Minnesota,Albertville,Albertville
Minnesota,Amboy,Amboy
Minnesota,Apple Valley,Apple Valley
Minnesota,Arden Hills,Arden Hills
Minnesota,Aurora,Aurora
Minnesota,Austin,Austin
Minnesota,Battle Lake,Battle Lake
Minnesota,Baudette,Baudette
Minnesota,Baxter,Baxter
Minnesota,Benson,Benson
Minnesota,Big Lake,Big Lake
Minnesota,Bloomington,Bloomington
Minnesota,Braham,Braham
Minnesota,Brooklyn Park,Brooklyn Park
Minnesota,Byron,Byron
Minnesota,Callaway,Callaway
Minnesota,Cannon Falls,Cannon Falls
Minnesota,Carver County,Carver County
Minnesota,Center City,Center City
Minnesota,Clara City,Clara City
Minnesota,Clarkfield,Clarkfield
Minnesota,Clay County,Clay County
Minnesota,Cologne,Cologne
Minnesota,Columbia Heights,Columbia Heights
Minnesota,Columbus,Columbus
Minnesota,Cottage Grove,Cottage Grove
Minnesota,Cottonwood,Cottonwood
Minnesota,Crosby,Crosby
Minnesota,Dakota,Dakota
Minnesota,Dawson,Dawson
Minnesota,Dayton,Dayton
Minnesota,Dilworth,Dilworth
Minnesota,Dundas,Dundas
Minnesota,Eden Valley,Eden Valley
Minnesota,Elbow Lake,Elbow Lake
Minnesota,Elko New Market,Elko New Market
Minnesota,Emily,Emily
Minnesota,Farmington,Farmington
Minnesota,Federal Dam,Federal Dam
Minnesota,Fergus Falls,Fergus Falls
Minnesota,Finlayson,Finlayson
Minnesota,Forest Lake,Forest Lake
Minnesota,Frazee,Frazee
Minnesota,Gaylord,Gaylord
Minnesota,Geneva,Geneva
Minnesota,Glenwood,Glenwood
Minnesota,Good Thunder,Good Thunder
Minnesota,Goodview,Goodview
Minnesota,Granite Falls,Granite Falls
Minnesota,Grove City,Grove City
Minnesota,Harris,Harris
Minnesota,Hawley,Hawley
Minnesota,Hector,Hector
Minnesota,Henderson,Henderson
Minnesota,Hinckley,Hinckley
Minnesota,Hoyt Lakes,Hoyt Lakes
Minnesota,Hutchinson,Hutchinson
Minnesota,Inver Grove Heights,Inver Grove Heights
Minnesota,Jackson,Jackson
Minnesota,Jenkins,Jenkins
Minnesota,Jordan,Jordan
Minnesota,Kandiyohi,Kandiyohi
Minnesota,Kasson,Kasson
Minnesota,Kiester,Kiester
Minnesota,La Crescent,La Crescent
Minnesota,Lafayette,Lafayette
Minnesota,Lake Crystal,Lake Crystal
Minnesota,Lakeland,Lakeland
Minnesota,Lake Park,Lake Park
Minnesota,Lakeville,Lakeville
Minnesota,Le Sueur,Le Sueur
Minnesota,Lindstrom,Lindstrom
Minnesota,Lino Lakes,Lino Lakes
Minnesota,Little Falls,Little Falls
Minnesota,Littlefork,Littlefork
Minnesota,Lonsdale,Lonsdale
Minnesota,Luverne,Luverne
Minnesota,Madison,Madison
Minnesota,Madison Lake,Madison Lake
Minnesota,Mahnomen,Mahnomen
Minnesota,Mapleton,Mapleton
Minnesota,Mayer,Mayer
Minnesota,Menahga,Menahga
Minnesota,Mendota Heights,Mendota Heights
Minnesota,Milaca,Milaca
Minnesota,Milan,Milan
Minnesota,Minnetonka,Minnetonka
Minnesota,Montevideo,Montevideo
Minnesota,Monticello,Monticello
Minnesota,Moorhead,Moorhead
Minnesota,Mora,Mora
Minnesota,Mounds View,Mounds View
Minnesota,New London,New London
Minnesota,New Prague,New Prague
Minnesota,North Mankato,North Mankato
Minnesota,North Saint Paul,North Saint Paul
Minnesota,Osakis,Osakis
Minnesota,Osseo,Osseo
Minnesota,Otsego,Otsego
Minnesota,Owatonna,Owatonna
Minnesota,Park Rapids,Park Rapids
Minnesota,Perham,Perham
Minnesota,Preston,Preston
Minnesota,Randolph,Randolph
Minnesota,Red Lake Falls,Red Lake Falls
Minnesota,Redwood Falls,Redwood Falls
Minnesota,Robbinsdale,Robbinsdale
Minnesota,Rockford,Rockford
Minnesota,Rosemount,Rosemount
Minnesota,Sabin,Sabin
Minnesota,Saint Anthony,Saint Anthony
Minnesota,Saint Bonifacius,Saint Bonifacius
Minnesota,Saint Charles,Saint Charles
Minnesota,Saint James,Saint James
Minnesota,Saint Michael,Saint Michael
Minnesota,Sandstone,Sandstone
Minnesota,Scandia,Scandia
Minnesota,Shorewood,Shorewood
Minnesota,Slayton,Slayton
Minnesota,Sleepy Eye,Sleepy Eye
Minnesota,Stacy,Stacy
Minnesota,Two Harbors,Two Harbors
Minnesota,Virginia,Virginia
Minnesota,Wabasha,Wabasha
Minnesota,Wadena,Wadena
Minnesota,Waseca,Waseca
Minnesota,Waseca County,Waseca County
Minnesota,Waverly,Waverly
Minnesota,Wells,Wells
Minnesota,West Saint Paul,West Saint Paul
Minnesota,Winnebago,Winnebago
Minnesota,Worthington,Worthington
Minnesota,Wright County,Wright County
Missouri,Linn Creek,Linn Creek
Missouri,Otterville,Otterville
Montana,Belgrade,Belgrade
Montana,Big Sandy,Big Sandy
Montana,Big Timber,Big Timber
Montana,Boulder,Boulder
Montana,Chester,Chester
Montana,Chinook,Chinook
Montana,Circle,Circle
Montana,Colstrip,Colstrip
Montana,Conrad,Conrad
Montana,Cut Bank,Cut Bank
Montana,Deer Lodge,Deer Lodge
Montana,East Helena,East Helena
Montana,Ennis,Ennis
Montana,Fairview,Fairview
Montana,Forsyth,Forsyth
Montana,Glendive,Glendive
Montana,Hardin,Hardin
Montana,Havre,Havre
Montana,Helena,Helena
Montana,Lewistown,Lewistown
Montana,Malta,Malta
Montana,Manhattan,Manhattan
Montana,Plentywood,Plentywood
Montana,Ronan,Ronan
Montana,Shelby,Shelby
Montana,Sidney,Sidney
Montana,Terry,Terry
Montana,Three Forks,Three Forks
Montana,Valier,Valier
Montana,Whitefish,Whitefish
Montana,White Sulphur Springs,White Sulphur Springs
Nebraska,Alda,Alda
Nebraska,Arapahoe,Arapahoe
Nebraska,Auburn,Auburn
Nebraska,Aurora,Aurora
Nebraska,Bellevue,Bellevue
Nebraska,Benkelman,Benkelman
Nebraska,Bennet,Bennet
Nebraska,Bloomfield,Bloomfield
Nebraska,Brady,Brady
Nebraska,Bridgeport,Bridgeport
Nebraska,Cedar Creek,Cedar Creek
Nebraska,Central City,Central City
Nebraska,Clarks,Clarks
Nebraska,Columbus,Columbus
Nebraska,Cortland,Cortland
Nebraska,Cozad,Cozad
Nebraska,Deshler,Deshler
Nebraska,Elm Creek,Elm Creek
Nebraska,Elwood,Elwood
Nebraska,Franklin,Franklin
Nebraska,Gering,Gering
Nebraska,Gibbon,Gibbon
Nebraska,Gothenburg,Gothenburg
Nebraska,Grand Island,Grand Island
Nebraska,Harvard,Harvard
Nebraska,Henderson,Henderson
Nebraska,Holdrege,Holdrege
Nebraska,Humboldt,Humboldt
Nebraska,Kenesaw,Kenesaw
Nebraska,Litchfield,Litchfield
Nebraska,Loomis,Loomis
Nebraska,Loup City,Loup City
Nebraska,Lyons,Lyons
Nebraska,Marquette,Marquette
Nebraska,McCook,McCook
Nebraska,Milford,Milford
Nebraska,Mitchell,Mitchell
Nebraska,Morrill,Morrill
Nebraska,Mullen,Mullen
Nebraska,Murray,Murray
Nebraska,Nehawka,Nehawka
Nebraska,Newman Grove,Newman Grove
Nebraska,North Platte,North Platte
Nebraska,Pender,Pender
Nebraska,Petersburg,Petersburg
Nebraska,Phillips,Phillips
Nebraska,Plainview,Plainview
Nebraska,Ponca,Ponca
Nebraska,Randolph,Randolph
Nebraska,Ravenna,Ravenna
Nebraska,Rockville,Rockville
Nebraska,Saint Paul,Saint Paul
Nebraska,Schuyler,Schuyler
Nebraska,Scottsbluff,Scottsbluff
Nebraska,Shelby,Shelby
Nebraska,Sidney,Sidney
Nebraska,Springfield,Springfield
Nebraska,Sutherland,Sutherland
Nebraska,Wahoo,Wahoo
Nebraska,Wilber,Wilber
Nebraska,Wood River,Wood River
Nebraska,Wymore,Wymore
Nevada,Carlin,Carlin
Nevada,Elko,Elko
Nevada,Elko County,Elko County
Nevada,Ely,Ely
Nevada,Lincoln County,Lincoln County
Nevada,Lyon County,Lyon County
Nevada,Mesquite,Mesquite
Nevada,Mineral County,Mineral County
Nevada,Pershing County,Pershing County
Nevada,Wells,Wells
Nevada,West Wendover,West Wendover
Nevada,White Pine County,White Pine County
Nevada,Yerington,Yerington
New Hampshire,Manchester,Manchester
New Jersey,Hammonton,Hammonton
New Jersey,Voorhees Township,Voorhees Township
New Mexico,Albuquerque,Albuquerque
New Mexico,Angel Fire,Angel Fire
New Mexico,Anthony,Anthony
New Mexico,Artesia,Artesia
New Mexico,Clayton,Clayton
New Mexico,Cloudcroft,Cloudcroft
New Mexico,Deming,Deming
New Mexico,Elephant Butte,Elephant Butte
New Mexico,Gallup,Gallup
New Mexico,Hatch,Hatch
New Mexico,Los Ranchos de Albuquerque,Los Ranchos de Albuquerque
New Mexico,Lovington,Lovington
New Mexico,Raton,Raton
New Mexico,Sunland Park,Sunland Park
New Mexico,Valencia County,Valencia County
New York,Franklinville,Franklinville
New York,New York City,New York City
North Carolina,Albemarle,Albemarle
North Carolina,Asheboro,Asheboro
North Carolina,Ashe County,Ashe County
North Carolina,Asheville,Asheville
North Carolina,Ayden,Ayden
North Carolina,Badin,Badin
North Carolina,Bald Head Island,Bald Head Island
North Carolina,Banner Elk,Banner Elk
North Carolina,Beaufort County,Beaufort County
North Carolina,Beech Mountain,Beech Mountain
North Carolina,Biltmore Forest,Biltmore Forest
North Carolina,Boone,Boone
North Carolina,Butner,Butner
North Carolina,Calabash,Calabash
North Carolina,Camden County,Camden County
North Carolina,Canton,Canton
North Carolina,Carolina Shores,Carolina Shores
North Carolina,Carthage,Carthage
North Carolina,Cary,Cary
North Carolina,Caswell Beach,Caswell Beach
North Carolina,Charlotte,Charlotte
North Carolina,Chatham County,Chatham County
North Carolina,Chimney Rock Village,Chimney Rock Village
North Carolina,Claremont,Claremont
North Carolina,Clayton,Clayton
North Carolina,Clemmons,Clemmons
North Carolina,Clyde,Clyde
North Carolina,Coats,Coats
North Carolina,Columbus,Columbus
North Carolina,Conway,Conway
North Carolina,Cooleemee,Cooleemee
North Carolina,Cramerton,Cramerton
North Carolina,Creedmoor,Creedmoor
North Carolina,Dallas,Dallas
North Carolina,Dare County,Dare County
North Carolina,Davidson County,Davidson County
North Carolina,Davie County,Davie County
North Carolina,Duck,Duck
North Carolina,Eden,Eden
North Carolina,Edenton,Edenton
North Carolina,Elizabeth City,Elizabeth City
North Carolina,Elkin,Elkin
North Carolina,Fairmont,Fairmont
North Carolina,Fletcher,Fletcher
North Carolina,Four Oaks,Four Oaks
North Carolina,Franklin,Franklin
North Carolina,Garner,Garner
North Carolina,Gates County,Gates County
North Carolina,Goldsboro,Goldsboro
North Carolina,Greene County,Greene County
North Carolina,Greenville,Greenville
North Carolina,Grimesland,Grimesland
North Carolina,Hamlet,Hamlet
North Carolina,Harnett County,Harnett County
North Carolina,Harrisburg,Harrisburg
North Carolina,Havelock,Havelock
North Carolina,Hildebran,Hildebran
North Carolina,Holden Beach,Holden Beach
North Carolina,Hudson,Hudson
North Carolina,Johnston County,Johnston County
North Carolina,Kenansville,Kenansville
North Carolina,Kenly,Kenly
North Carolina,Kill Devil Hills,Kill Devil Hills
North Carolina,Kings Mountain,Kings Mountain
North Carolina,Knightdale,Knightdale
North Carolina,Lake Lure,Lake Lure
North Carolina,Landis,Landis
North Carolina,Laurel Park,Laurel Park
North Carolina,Lewisville,Lewisville
North Carolina,Liberty,Liberty
North Carolina,Lillington,Lillington
North Carolina,Lincoln County,Lincoln County
North Carolina,Lincolnton,Lincolnton
North Carolina,Littleton,Littleton
North Carolina,Locust,Locust
North Carolina,Lowell,Lowell
North Carolina,Maiden,Maiden
North Carolina,Marion,Marion
North Carolina,Marshville,Marshville
North Carolina,Midland,Midland
North Carolina,Mills River,Mills River
North Carolina,Mocksville,Mocksville
North Carolina,Monroe,Monroe
North Carolina,Mount Holly,Mount Holly
North Carolina,Murphy,Murphy
North Carolina,Newport,Newport
North Carolina,North Topsail Beach,North Topsail Beach
North Carolina,Oxford,Oxford
North Carolina,Pasquotank County,Pasquotank County
North Carolina,Pikeville,Pikeville
North Carolina,Pinebluff,Pinebluff
North Carolina,Pinehurst,Pinehurst
North Carolina,Pineville,Pineville
North Carolina,Pink Hill,Pink Hill
North Carolina,Pittsboro,Pittsboro
North Carolina,Polkton,Polkton
North Carolina,Ranlo,Ranlo
North Carolina,Richlands,Richlands
North Carolina,Roanoke Rapids,Roanoke Rapids
North Carolina,Rockingham,Rockingham
North Carolina,Rose Hill,Rose Hill
North Carolina,Roxboro,Roxboro
North Carolina,Rutherford College,Rutherford College
North Carolina,Scotland Neck,Scotland Neck
North Carolina,Shallotte,Shallotte
North Carolina,Sharpsburg,Sharpsburg
North Carolina,Simpson,Simpson
North Carolina,Southern Pines,Southern Pines
North Carolina,Southport,Southport
North Carolina,Sparta,Sparta
North Carolina,Spencer,Spencer
North Carolina,Stallings,Stallings
North Carolina,St. James,St. James
North Carolina,Stoneville,Stoneville
North Carolina,Sugar Mountain,Sugar Mountain
North Carolina,Surf City,Surf City
North Carolina,Surry County,Surry County
North Carolina,Swansboro,Swansboro
North Carolina,Taylorsville,Taylorsville
North Carolina,Valdese,Valdese
North Carolina,Vance County,Vance County
North Carolina,Varnamtown,Varnamtown
North Carolina,Wake County,Wake County
North Carolina,Walnut Cove,Walnut Cove
North Carolina,Walnut Creek,Walnut Creek
North Carolina,Warren County,Warren County
North Carolina,Warsaw,Warsaw
North Carolina,Weldon,Weldon
North Carolina,West Jefferson,West Jefferson
North Carolina,White Lake,White Lake
North Carolina,Whiteville,Whiteville
North Carolina,Wilkesboro,Wilkesboro
North Carolina,Wingate,Wingate
North Carolina,Winterville,Winterville
North Carolina,Wrightsville Beach,Wrightsville Beach
North Carolina,Zebulon,Zebulon
Ohio,Ada,Ada
Ohio,Alliance,Alliance
Ohio,Amberley Village,Amberley Village
Ohio,Amherst,Amherst
Ohio,Amsterdam,Amsterdam
Ohio,Anna,Anna
Ohio,Apple Creek,Apple Creek
Ohio,Archbold,Archbold
Ohio,Arlington Heights,Arlington Heights
Ohio,Ashland,Ashland
Ohio,Ashtabula,Ashtabula
Ohio,Ashville,Ashville
Ohio,Aurora,Aurora
Ohio,Avon,Avon
Ohio,Avon Lake,Avon Lake
Ohio,Barberton,Barberton
Ohio,Barnesville,Barnesville
Ohio,Batavia,Batavia
Ohio,Beachwood,Beachwood
Ohio,Beavercreek,Beavercreek
Ohio,Bedford,Bedford
Ohio,Bedford Heights,Bedford Heights
Ohio,Bellefontaine,Bellefontaine
Ohio,Bellevue,Bellevue
Ohio,Bellville,Bellville
Ohio,Belpre,Belpre
Ohio,Bentleyville,Bentleyville
Ohio,Berea,Berea
Ohio,Bexley,Bexley
Ohio,Blue Ash,Blue Ash
Ohio,Bluffton,Bluffton
Ohio,Boston Heights,Boston Heights
Ohio,Botkins,Botkins
Ohio,Bowling Green,Bowling Green
Ohio,Bradford,Bradford
Ohio,Bradner,Bradner
Ohio,Bratenahl,Bratenahl
Ohio,Brewster,Brewster
Ohio,Broadview Heights,Broadview Heights
Ohio,Brooklyn,Brooklyn
Ohio,Brooklyn Heights,Brooklyn Heights
Ohio,Brook Park,Brook Park
Ohio,Brookville,Brookville
Ohio,Brunswick,Brunswick
Ohio,Bryan,Bryan
Ohio,Buckland,Buckland
Ohio,Bucyrus,Bucyrus
Ohio,Burton,Burton
Ohio,Byesville,Byesville
Ohio,Cadiz,Cadiz
Ohio,Caldwell,Caldwell
Ohio,Cambridge,Cambridge
Ohio,Camden,Camden
Ohio,Campbell,Campbell
Ohio,Canal Fulton,Canal Fulton
Ohio,Canal Winchester,Canal Winchester
Ohio,Canfield,Canfield
Ohio,Canton,Canton
Ohio,Cardington,Cardington
Ohio,Carey,Carey
Ohio,Carlisle,Carlisle
Ohio,Carrollton,Carrollton
Ohio,Cedarville,Cedarville
Ohio,Celina,Celina
Ohio,Centerburg,Centerburg
Ohio,Centerville,Centerville
Ohio,Chagrin Falls,Chagrin Falls
Ohio,Chardon,Chardon
Ohio,Cheviot,Cheviot
Ohio,Chillicothe,Chillicothe
Ohio,Circleville,Circleville
Ohio,Cleveland,Cleveland
Ohio,Cleveland Heights,Cleveland Heights
Ohio,Cleveland Metroparks,Cleveland Metroparks
Ohio,Cleves,Cleves
Ohio,Clyde,Clyde
Ohio,Coldwater,Coldwater
Ohio,Columbiana,Columbiana
Ohio,Columbus Grove,Columbus Grove
Ohio,Commercial Point,Commercial Point
Ohio,Conneaut,Conneaut
Ohio,Cortland,Cortland
Ohio,Coshocton,Coshocton
Ohio,Covington,Covington
Ohio,Crestline,Crestline
Ohio,Cridersville,Cridersville
Ohio,Cuyahoga Falls,Cuyahoga Falls
Ohio,Cuyahoga Heights,Cuyahoga Heights
Ohio,Dalton,Dalton
Ohio,Danville,Danville
Ohio,Deer Park,Deer Park
Ohio,Defiance,Defiance
Ohio,DeGraff,DeGraff
Ohio,Delphos,Delphos
Ohio,Delta,Delta
Ohio,Dennison,Dennison
Ohio,Dover,Dover
Ohio,Doylestown,Doylestown
Ohio,Dublin,Dublin
Ohio,East Cleveland,East Cleveland
Ohio,Eastlake,Eastlake
Ohio,East Liverpool,East Liverpool
Ohio,East Palestine,East Palestine
Ohio,Eaton,Eaton
Ohio,Edgerton,Edgerton
Ohio,Edon,Edon
Ohio,Elida,Elida
Ohio,Elmore,Elmore
Ohio,Elmwood Place,Elmwood Place
Ohio,Elyria,Elyria
Ohio,Englewood,Englewood
Ohio,Enon,Enon
Ohio,Euclid,Euclid
Ohio,Evendale,Evendale
Ohio,Fairborn,Fairborn
Ohio,Fairfield,Fairfield
Ohio,Fairlawn,Fairlawn
Ohio,Fairport Harbor,Fairport Harbor
Ohio,Fairview Park,Fairview Park
Ohio,Findlay,Findlay
Ohio,Forest,Forest
Ohio,Forest Park,Forest Park
Ohio,Fostoria,Fostoria
Ohio,Fredericksburg,Fredericksburg
Ohio,Fredericktown,Fredericktown
Ohio,Fremont,Fremont
Ohio,Galion,Galion
Ohio,Gallipolis,Gallipolis
Ohio,Gambier,Gambier
Ohio,Garfield Heights,Garfield Heights
Ohio,Gates Mills,Gates Mills
Ohio,Geneva,Geneva
Ohio,Genoa,Genoa
Ohio,Germantown,Germantown
Ohio,Gibsonburg,Gibsonburg
Ohio,Girard,Girard
Ohio,Glendale,Glendale
Ohio,Glenmont,Glenmont
Ohio,Glenwillow,Glenwillow
Ohio,Golf Manor,Golf Manor
Ohio,Grafton,Grafton
Ohio,Grand Rapids,Grand Rapids
Ohio,Grandview Heights,Grandview Heights
Ohio,Granville,Granville
Ohio,Great Parks of Hamilton County,Great Parks of Hamilton County
Ohio,Green,Green
Ohio,Greenfield,Greenfield
Ohio,Greenhills,Greenhills
Ohio,Greenville,Greenville
Ohio,Greenwich,Greenwich
Ohio,Grove City,Grove City
Ohio,Groveport,Groveport
Ohio,Hamilton,Hamilton
Ohio,Harrisburg,Harrisburg
Ohio,Harrison,Harrison
Ohio,Hartford,Hartford
Ohio,Haskins,Haskins
Ohio,Heath,Heath
Ohio,Hebron,Hebron
Ohio,Hicksville,Hicksville
Ohio,Highland Heights,Highland Heights
Ohio,Highland Hills,Highland Hills
Ohio,Hillsboro,Hillsboro
Ohio,Hubbard,Hubbard
Ohio,Hudson,Hudson
Ohio,Hunting Valley,Hunting Valley
Ohio,Huron,Huron
Ohio,Independence,Independence
Ohio,Indian Hill,Indian Hill
Ohio,Ironton,Ironton
Ohio,Jackson,Jackson
Ohio,Jefferson,Jefferson
Ohio,Jeromesville,Jeromesville
Ohio,Johnstown,Johnstown
Ohio,Kelleys Island,Kelleys Island
Ohio,Kent,Kent
Ohio,Kenton,Kenton
Ohio,Killbuck,Killbuck
Ohio,Kirtland,Kirtland
Ohio,Kirtland Hills,Kirtland Hills
Ohio,LaGrange,LaGrange
Ohio,Lakeline,Lakeline
Ohio,Lakewood,Lakewood
Ohio,Lancaster,Lancaster
Ohio,Lebanon,Lebanon
Ohio,Leesburg,Leesburg
Ohio,Leipsic,Leipsic
Ohio,Lewisburg,Lewisburg
Ohio,Lexington,Lexington
Ohio,Lima,Lima
Ohio,Lincoln Heights,Lincoln Heights
Ohio,Linndale,Linndale
Ohio,Lisbon,Lisbon
Ohio,Lockington,Lockington
Ohio,Lockland,Lockland
Ohio,Logan,Logan
Ohio,London,London
Ohio,Lorain,Lorain
Ohio,Lordstown,Lordstown
Ohio,Loudonville,Loudonville
Ohio,Louisville,Louisville
Ohio,Loveland,Loveland
Ohio,Lowellville,Lowellville
Ohio,Luckey,Luckey
Ohio,Lyndhurst,Lyndhurst
Ohio,Macedonia,Macedonia
Ohio,Maineville,Maineville
Ohio,Mansfield,Mansfield
Ohio,Maple Heights,Maple Heights
Ohio,Marble Cliff,Marble Cliff
Ohio,Marblehead,Marblehead
Ohio,Marengo,Marengo
Ohio,Mariemont,Mariemont
Ohio,Marietta,Marietta
Ohio,Martins Ferry,Martins Ferry
Ohio,Mason,Mason
Ohio,Massillon,Massillon
Ohio,Maumee,Maumee
Ohio,Mayfield Heights,Mayfield Heights
Ohio,Mayfield Village,Mayfield Village
Ohio,McComb,McComb
Ohio,McDonald,McDonald
Ohio,Medina,Medina
Ohio,Mentor,Mentor
Ohio,Mentor-on-the-Lake,Mentor-on-the-Lake
Ohio,Metamora,Metamora
Ohio,Meyers Lake,Meyers Lake
Ohio,Miamisburg,Miamisburg
Ohio,Middleburg Heights,Middleburg Heights
Ohio,Middlefield,Middlefield
Ohio,Middleport,Middleport
Ohio,Middletown,Middletown
Ohio,Milan,Milan
Ohio,Milford,Milford
Ohio,Millersburg,Millersburg
Ohio,Minerva,Minerva
Ohio,Minerva Park,Minerva Park
Ohio,Mingo Junction,Mingo Junction
Ohio,Minster,Minster
Ohio,Mogadore,Mogadore
Ohio,Monroeville,Monroeville
Ohio,Montgomery,Montgomery
Ohio,Montpelier,Montpelier
Ohio,Moraine,Moraine
Ohio,Moreland Hills,Moreland Hills
Ohio,Mount Gilead,Mount Gilead
Ohio,Mount Healthy,Mount Healthy
Ohio,Mount Vernon,Mount Vernon
Ohio,Munroe Falls,Munroe Falls
Ohio,Napoleon,Napoleon
Ohio,Nashville,Nashville
Ohio,Navarre,Navarre
Ohio,Nelsonville,Nelsonville
Ohio,Newark,Newark
Ohio,New Boston,New Boston
Ohio,New Bremen,New Bremen
Ohio,Newburgh Heights,Newburgh Heights
Ohio,New Carlisle,New Carlisle
Ohio,New Concord,New Concord
Ohio,New Lebanon,New Lebanon
Ohio,New Lexington,New Lexington
Ohio,New London,New London
Ohio,New Middletown,New Middletown
Ohio,Newton Falls,Newton Falls
Ohio,New Washington,New Washington
Ohio,North Baltimore,North Baltimore
Ohio,North College Hill,North College Hill
Ohio,North Fairfield,North Fairfield
Ohio,Northfield,Northfield
Ohio,North Kingsville,North Kingsville
Ohio,North Olmsted,North Olmsted
Ohio,North Perry,North Perry
Ohio,North Royalton,North Royalton
Ohio,Northwood,Northwood
Ohio,Norton,Norton
Ohio,Norwalk,Norwalk
Ohio,Norwood,Norwood
Ohio,Oak Harbor,Oak Harbor
Ohio,Oak Hill,Oak Hill
Ohio,Oberlin,Oberlin
Ohio,Obetz,Obetz
Ohio,Olmsted Falls,Olmsted Falls
Ohio,Ontario,Ontario
Ohio,Orange,Orange
Ohio,Oregon,Oregon
Ohio,Orrville,Orrville
Ohio,Orwell,Orwell
Ohio,Ottawa,Ottawa
Ohio,Ottawa Hills,Ottawa Hills
Ohio,Oxford,Oxford
Ohio,Painesville,Painesville
Ohio,Parma,Parma
Ohio,Parma Heights,Parma Heights
Ohio,Paulding,Paulding
Ohio,Pemberville,Pemberville
Ohio,Peninsula,Peninsula
Ohio,Pepper Pike,Pepper Pike
Ohio,Perry,Perry
Ohio,Perrysburg,Perrysburg
Ohio,Perrysville,Perrysville
Ohio,Phillipsburg,Phillipsburg
Ohio,Pickerington,Pickerington
Ohio,Pioneer,Pioneer
Ohio,Piqua,Piqua
Ohio,Plain City,Plain City
Ohio,Pleasantville,Pleasantville
Ohio,Plymouth,Plymouth
Ohio,Poland,Poland
Ohio,Port Clinton,Port Clinton
Ohio,Portsmouth,Portsmouth
Ohio,Preble County,Preble County
Ohio,Put-in-Bay,Put-in-Bay
Ohio,Ravenna,Ravenna
Ohio,Reading,Reading
Ohio,Reminderville,Reminderville
Ohio,Reynoldsburg,Reynoldsburg
Ohio,Richfield,Richfield
Ohio,Richmond Heights,Richmond Heights
Ohio,Richwood,Richwood
Ohio,Risingsun,Risingsun
Ohio,Riverlea,Riverlea
Ohio,Rockford,Rockford
Ohio,Rocky River,Rocky River
Ohio,Rossford,Rossford
Ohio,Russells Point,Russells Point
Ohio,Rutland,Rutland
Ohio,Saint Bernard,Saint Bernard
Ohio,Saint Clairsville,Saint Clairsville
Ohio,Saint Paris,Saint Paris
Ohio,Salem,Salem
Ohio,Sandusky,Sandusky
Ohio,Sandusky County Park District,Sandusky County Park District
Ohio,Sebring,Sebring
Ohio,Seven Hills,Seven Hills
Ohio,Shaker Heights,Shaker Heights
Ohio,Sharonville,Sharonville
Ohio,Shawnee Hills,Shawnee Hills
Ohio,Sheffield Lake,Sheffield Lake
Ohio,Sheffield Village,Sheffield Village
Ohio,Shelby,Shelby
Ohio,Sidney,Sidney
Ohio,Silver Lake,Silver Lake
Ohio,Silverton,Silverton
Ohio,Smithville,Smithville
Ohio,Solon,Solon
Ohio,South Amherst,South Amherst
Ohio,South Charleston,South Charleston
Ohio,South Euclid,South Euclid
Ohio,South Russell,South Russell
Ohio,Spencerville,Spencerville
Ohio,Springboro,Springboro
Ohio,Springdale,Springdale
Ohio,Springfield,Springfield
Ohio,Steubenville,Steubenville
Ohio,St. Marys,St. Marys
Ohio,Stow,Stow
Ohio,Strasburg,Strasburg
Ohio,Streetsboro,Streetsboro
Ohio,Strongsville,Strongsville
Ohio,Struthers,Struthers
Ohio,Stryker,Stryker
Ohio,Summit County,Summit County
Ohio,Sunbury,Sunbury
Ohio,Swanton,Swanton
Ohio,Sylvania,Sylvania
Ohio,Tallmadge,Tallmadge
Ohio,Terrace Park,Terrace Park
Ohio,Tiffin,Tiffin
Ohio,Timberlake,Timberlake
Ohio,Tipp City,Tipp City
Ohio,Toledo,Toledo
Ohio,Trenton,Trenton
Ohio,Trotwood,Trotwood
Ohio,Troy,Troy
Ohio,Twinsburg,Twinsburg
Ohio,Uhrichsville,Uhrichsville
Ohio,Union,Union
Ohio,Union City,Union City
Ohio,University Heights,University Heights
Ohio,Upper Sandusky,Upper Sandusky
Ohio,Urbana,Urbana
Ohio,Utica,Utica
Ohio,Valley View,Valley View
Ohio,Vandalia,Vandalia
Ohio,Van Wert,Van Wert
Ohio,Vermilion,Vermilion
Ohio,Wadsworth,Wadsworth
Ohio,Waite Hill,Waite Hill
Ohio,Wakeman,Wakeman
Ohio,Walbridge,Walbridge
Ohio,Walton Hills,Walton Hills
Ohio,Wapakoneta,Wapakoneta
Ohio,Warren,Warren
Ohio,Warrensville Heights,Warrensville Heights
Ohio,Washington,Washington
Ohio,Waterville,Waterville
Ohio,Wauseon,Wauseon
Ohio,Waverly,Waverly
Ohio,Wayne,Wayne
Ohio,Waynesfield,Waynesfield
Ohio,Waynesville,Waynesville
Ohio,Wellington,Wellington
Ohio,Wellston,Wellston
Ohio,Wellsville,Wellsville
Ohio,West Alexandria,West Alexandria
Ohio,West Carrollton,West Carrollton
Ohio,Westerville,Westerville
Ohio,Westfield Center,Westfield Center
Ohio,West Jefferson,West Jefferson
Ohio,West Lafayette,West Lafayette
Ohio,Westlake,Westlake
Ohio,West Liberty,West Liberty
Ohio,West Mansfield,West Mansfield
Ohio,Weston,Weston
Ohio,West Unity,West Unity
Ohio,Whitehall,Whitehall
Ohio,Whitehouse,Whitehouse
Ohio,Wickliffe,Wickliffe
Ohio,Willard,Willard
Ohio,Willoughby,Willoughby
Ohio,Willoughby Hills,Willoughby Hills
Ohio,Willowick,Willowick
Ohio,Windham,Windham
Ohio,Wintersville,Wintersville
Ohio,Woodlawn,Woodlawn
Ohio,Woodmere,Woodmere
Ohio,Woodsfield,Woodsfield
Ohio,Woodville,Woodville
Ohio,Wooster,Wooster
Ohio,Worthington,Worthington
Ohio,Wyoming,Wyoming
Ohio,Xenia,Xenia
Ohio,Yellow Springs,Yellow Springs
Ohio,Youngstown,Youngstown
Ohio,Zanesville,Zanesville
Oklahoma,Alva,Alva
Oklahoma,Arapaho,Arapaho
Oklahoma,Beaver,Beaver
Oklahoma,Beggs,Beggs
Oklahoma,Bernice,Bernice
Oklahoma,Bethany,Bethany
Oklahoma,Bokchito,Bokchito
Oklahoma,Cache,Cache
Oklahoma,Caddo,Caddo
Oklahoma,Calera,Calera
Oklahoma,Carnegie,Carnegie
Oklahoma,Catoosa,Catoosa
Oklahoma,Chandler,Chandler
Oklahoma,Claremore,Claremore
Oklahoma,Clinton,Clinton
Oklahoma,Drumright,Drumright
Oklahoma,Duncan,Duncan
Oklahoma,Durant,Durant
Oklahoma,Elgin,Elgin
Oklahoma,Enid,Enid
Oklahoma,Eufaula,Eufaula
Oklahoma,Gage,Gage
Oklahoma,Glenpool,Glenpool
Oklahoma,Granite,Granite
Oklahoma,Grove,Grove
Oklahoma,Guthrie,Guthrie
Oklahoma,Harrah,Harrah
Oklahoma,Hobart,Hobart
Oklahoma,Holdenville,Holdenville
Oklahoma,Jay,Jay
Oklahoma,Kingfisher,Kingfisher
Oklahoma,Locust Grove,Locust Grove
Oklahoma,Lone Grove,Lone Grove
Oklahoma,Marlow,Marlow
Oklahoma,McLoud,McLoud
Oklahoma,Mooreland,Mooreland
Oklahoma,Morris,Morris
Oklahoma,Newcastle,Newcastle
Oklahoma,New Cordell,New Cordell
Oklahoma,Oilton,Oilton
Oklahoma,Okemah,Okemah
Oklahoma,Okmulgee,Okmulgee
Oklahoma,Perkins,Perkins
Oklahoma,Perry,Perry
Oklahoma,Ponca City,Ponca City
Oklahoma,Poteau,Poteau
Oklahoma,Prague,Prague
Oklahoma,Pryor Creek,Pryor Creek
Oklahoma,Purcell,Purcell
Oklahoma,Quapaw,Quapaw
Oklahoma,Sayre,Sayre
Oklahoma,Seiling,Seiling
Oklahoma,Seminole,Seminole
Oklahoma,Shattuck,Shattuck
Oklahoma,Skiatook,Skiatook
Oklahoma,South Coffeyville,South Coffeyville
Oklahoma,Stroud,Stroud
Oklahoma,The Village,The Village
Oklahoma,Vici,Vici
Oklahoma,Vinita,Vinita
Oklahoma,Walters,Walters
Oklahoma,Warr Acres,Warr Acres
Oklahoma,Waurika,Waurika
Oklahoma,Wellston,Wellston
Oklahoma,West Siloam Springs,West Siloam Springs
Oklahoma,Wetumka,Wetumka
Oklahoma,Wewoka,Wewoka
Oklahoma,Wister,Wister
Oklahoma,Woodward,Woodward
Oregon,Amity,Amity
Oregon,Banks,Banks
Oregon,Canby,Canby
Oregon,Cascade Locks,Cascade Locks
Oregon,Clatskanie,Clatskanie
Oregon,Depoe Bay,Depoe Bay
Oregon,Falls City,Falls City
Oregon,Forest Grove,Forest Grove
Oregon,Glendale,Glendale
Oregon,Heppner,Heppner
Oregon,Joseph,Joseph
Oregon,Malheur County,Malheur County
Oregon,Milton-Freewater,Milton-Freewater
Oregon,Monroe,Monroe
Oregon,Myrtle Point,Myrtle Point
Oregon,North Plains,North Plains
Oregon,Nyssa,Nyssa
Oregon,Rockaway Beach,Rockaway Beach
Oregon,Shady Cove,Shady Cove
Oregon,Sublimity,Sublimity
Oregon,Tillamook,Tillamook
Oregon,Umatilla,Umatilla
Oregon,Union,Union
Pennsylvania,Antis Township,Antis Township
Pennsylvania,Aston Township,Aston Township
Pennsylvania,Bedford Borough,Bedford Borough
Pennsylvania,Bedminster Township,Bedminster Township
Pennsylvania,Blossburg Borough,Blossburg Borough
Pennsylvania,Bradford Township,Bradford Township
Pennsylvania,Cleona Borough,Cleona Borough
Pennsylvania,Clifton Township,Clifton Township
Pennsylvania,Clymer Township,Clymer Township
Pennsylvania,Conemaugh Township,Conemaugh Township
Pennsylvania,Coplay Borough,Coplay Borough
Pennsylvania,Corry,Corry
Pennsylvania,Cressona Borough,Cressona Borough
Pennsylvania,Dallas Borough,Dallas Borough
Pennsylvania,Dauphin Borough,Dauphin Borough
Pennsylvania,Dillsburg Borough,Dillsburg Borough
Pennsylvania,Dover Township,Dover Township
Pennsylvania,East McKeesport Borough,East McKeesport Borough
Pennsylvania,Ellwood City,Ellwood City
Pennsylvania,Ferndale Borough,Ferndale Borough
Pennsylvania,Glassport Borough,Glassport Borough
Pennsylvania,Greene Township,Greene Township
Pennsylvania,Grove City Borough,Grove City Borough
Pennsylvania,Hanover Township,Hanover Township
Pennsylvania,Johnstown,Johnstown
Pennsylvania,Lamar Township,Lamar Township
Pennsylvania,Lewisberry Borough,Lewisberry Borough
Pennsylvania,Lower Chichester Township,Lower Chichester Township
Pennsylvania,Macungie Borough,Macungie Borough
Pennsylvania,Marysville Borough,Marysville Borough
Pennsylvania,Millbourne Borough,Millbourne Borough
Pennsylvania,Millheim Borough,Millheim Borough
Pennsylvania,Monroe Township,Monroe Township
Pennsylvania,North Braddock Borough,North Braddock Borough
Pennsylvania,North York Borough,North York Borough
Pennsylvania,Penn Township,Penn Township
Pennsylvania,Philadelphia,Philadelphia
Pennsylvania,Plains Township,Plains Township
Pennsylvania,Portage Borough,Portage Borough
Pennsylvania,Reading,Reading
Pennsylvania,Shamokin Dam,Shamokin Dam
Pennsylvania,Sharon,Sharon
Pennsylvania,South Annville Township,South Annville Township
Pennsylvania,Springfield Township,Springfield Township
Pennsylvania,Summerhill Borough,Summerhill Borough
Pennsylvania,Summerhill Township,Summerhill Township
Pennsylvania,Swarthmore Borough,Swarthmore Borough
Pennsylvania,Tatamy Borough,Tatamy Borough
Pennsylvania,Telford Borough,Telford Borough
Pennsylvania,Tionesta Borough,Tionesta Borough
Pennsylvania,Topton Borough,Topton Borough
Pennsylvania,Troy Borough,Troy Borough
Pennsylvania,Upper Dublin Township,Upper Dublin Township
Pennsylvania,Upper Milford Township,Upper Milford Township
Pennsylvania,West Wheatfield Township,West Wheatfield Township
Pennsylvania,White Oak,White Oak
Pennsylvania,Williamsport,Williamsport
Pennsylvania,Yoe Borough,Yoe Borough
Pennsylvania,York,York
Rhode Island,Middletown,Middletown
South Carolina,Awendaw,Awendaw
South Carolina,Bennettsville,Bennettsville
South Carolina,Calhoun Falls,Calhoun Falls
South Carolina,Camden,Camden
South Carolina,Cottageville,Cottageville
South Carolina,Dillon,Dillon
South Carolina,Easley,Easley
South Carolina,Folly Beach,Folly Beach
South Carolina,Goose Creek,Goose Creek
South Carolina,Greenville County,Greenville County
South Carolina,James Island,James Island
South Carolina,Kershaw,Kershaw
South Carolina,Kingstree,Kingstree
South Carolina,Mount Pleasant,Mount Pleasant
South Carolina,Newberry County,Newberry County
South Carolina,Pendleton,Pendleton
South Carolina,Prosperity,Prosperity
South Carolina,Richland County,Richland County
South Carolina,South Congaree,South Congaree
South Carolina,Sullivan's Island,Sullivan's Island
South Carolina,West Columbia,West Columbia
South Carolina,Winnsboro,Winnsboro
South Carolina,York County,York County
South Dakota,Baltic,Baltic
South Dakota,Bison,Bison
South Dakota,Bruce,Bruce
South Dakota,Burke,Burke
South Dakota,Colman,Colman
South Dakota,Colome,Colome
South Dakota,Custer,Custer
South Dakota,Dakota Dunes C.I.D.,Dakota Dunes C.I.D.
South Dakota,Ethan,Ethan
South Dakota,Faith,Faith
South Dakota,Flandreau,Flandreau
South Dakota,Fort Pierre,Fort Pierre
South Dakota,Garretson,Garretson
South Dakota,Gregory,Gregory
South Dakota,Hermosa,Hermosa
South Dakota,Hot Springs,Hot Springs
South Dakota,Keystone,Keystone
South Dakota,Lawrence County,Lawrence County
South Dakota,Lead,Lead
South Dakota,Lincoln County,Lincoln County
South Dakota,Milbank,Milbank
South Dakota,Mitchell,Mitchell
South Dakota,Oldham,Oldham
South Dakota,Plankinton,Plankinton
South Dakota,Sioux Falls,Sioux Falls
South Dakota,Spearfish,Spearfish
South Dakota,Springfield,Springfield
South Dakota,Summerset,Summerset
South Dakota,Vermillion,Vermillion
South Dakota,Wall,Wall
South Dakota,Webster,Webster
South Dakota,Whitewood,Whitewood
South Dakota,Winner,Winner
South Dakota,Worthing,Worthing
Tennessee,Collierville,Collierville
Tennessee,Cookeville,Cookeville
Tennessee,Crossville,Crossville
Tennessee,Etowah,Etowah
Tennessee,Paris,Paris
Tennessee,Spring Hill,Spring Hill
Texas,Alamo,Alamo
Texas,Baird,Baird
Texas,Big Sandy,Big Sandy
Texas,Big Spring,Big Spring
Texas,Burkburnett,Burkburnett
Texas,Canton,Canton
Texas,Chico,Chico
Texas,Cleburne,Cleburne
Texas,Clifton,Clifton
Texas,Dallas,Dallas
Texas,Ferris,Ferris
Texas,Fort Worth,Fort Worth
Texas,Godley,Godley
Texas,Harker Heights,Harker Heights
Texas,Heath,Heath
Texas,Holiday Lakes,Holiday Lakes
Texas,Lakeside,Lakeside
Texas,Lindsay,Lindsay
Texas,Longview,Longview
Texas,Madisonville,Madisonville
Texas,Mansfield,Mansfield
Texas,Martindale,Martindale
Texas,Maud,Maud
Texas,Mount Pleasant,Mount Pleasant
Texas,Palm Valley,Palm Valley
Texas,Palmview,Palmview
Texas,Parker,Parker
Texas,Pleasanton,Pleasanton
Texas,Port Isabel,Port Isabel
Texas,Santa Anna,Santa Anna
Texas,Sour Lake,Sour Lake
Texas,Sunset Valley,Sunset Valley
Texas,Sweeny,Sweeny
Texas,Texas City,Texas City
Texas,Tool,Tool
Texas,Trinidad,Trinidad
Texas,Tyler,Tyler
Texas,Wake Village,Wake Village
Texas,Whitesboro,Whitesboro
Texas,Willis,Willis
Utah,Alta,Alta
Utah,Beaver County,Beaver County
Utah,Blanding,Blanding
Utah,Boulder,Boulder
Utah,Brigham City,Brigham City
Utah,Cedar Hills,Cedar Hills
Utah,Clarkston,Clarkston
Utah,Clearfield,Clearfield
Utah,Corinne,Corinne
Utah,Daggett County,Daggett County
Utah,Draper,Draper
Utah,Duchesne County,Duchesne County
Utah,Elk Ridge,Elk Ridge
Utah,Elwood,Elwood
Utah,Fairfield,Fairfield
Utah,Farmington,Farmington
Utah,Farr West City,Farr West City
Utah,Ferron,Ferron
Utah,Fillmore,Fillmore
Utah,Garfield County,Garfield County
Utah,Garland,Garland
Utah,Goshen,Goshen
Utah,Green River,Green River
Utah,Hatch,Hatch
Utah,Holladay,Holladay
Utah,Ivins,Ivins
Utah,Kanarraville,Kanarraville
Utah,Kane County,Kane County
Utah,La Verkin,La Verkin
Utah,Lehi,Lehi
Utah,Lewiston,Lewiston
Utah,Logan,Logan
Utah,Mapleton,Mapleton
Utah,Meadow,Meadow
Utah,Millard County,Millard County
Utah,Monticello,Monticello
Utah,Morgan County,Morgan County
Utah,Murray City,Murray City
Utah,Myton,Myton
Utah,North Salt Lake,North Salt Lake
Utah,Oak City,Oak City
Utah,Ogden City,Ogden City
Utah,Plain City,Plain City
Utah,Pleasant Grove,Pleasant Grove
Utah,Price,Price
Utah,Riverdale,Riverdale
Utah,Salt Lake City,Salt Lake City
Utah,San Juan County,San Juan County
Utah,Santa Clara,Santa Clara
Utah,Sevier County,Sevier County
Utah,South Weber,South Weber
Utah,Stockton,Stockton
Utah,Summit County,Summit County
Utah,Sunset City,Sunset City
Utah,Taylorsville,Taylorsville
Utah,Toquerville,Toquerville
Utah,Torrey,Torrey
Utah,Uintah,Uintah
Utah,Washington,Washington
Utah,Washington County,Washington County
Utah,Wellsville,Wellsville
Utah,West Haven,West Haven
Utah,West Jordan,West Jordan
Virginia,Brookneal,Brookneal
Virginia,Independence,Independence
Virginia,Lee County,Lee County
Virginia,Loudoun County,Loudoun County
Virginia,Northampton County,Northampton County
Virginia,Occoquan,Occoquan
Virginia,Richmond County,Richmond County
Washington,Liberty Lake,Liberty Lake
Washington,Long Beach,Long Beach
Washington,Orting,Orting
West Virginia,Barboursville,Barboursville
West Virginia,Bridgeport,Bridgeport
West Virginia,Charles Town,Charles Town
West Virginia,Clarksburg,Clarksburg
West Virginia,Dunbar,Dunbar
West Virginia,Eleanor,Eleanor
West Virginia,Elkins,Elkins
West Virginia,Fairmont,Fairmont
West Virginia,Fayetteville,Fayetteville
West Virginia,Granville,Granville
West Virginia,Keyser,Keyser
West Virginia,Kingwood,Kingwood
West Virginia,Lewisburg,Lewisburg
West Virginia,Lost Creek,Lost Creek
West Virginia,Mannington,Mannington
West Virginia,Marlinton,Marlinton
West Virginia,Marmet,Marmet
West Virginia,Martinsburg,Martinsburg
West Virginia,Milton,Milton
West Virginia,Moundsville,Moundsville
West Virginia,New Cumberland,New Cumberland
West Virginia,New Martinsville,New Martinsville
West Virginia,Nitro,Nitro
West Virginia,Nutter Fort,Nutter Fort
West Virginia,Paden City,Paden City
West Virginia,Parkersburg,Parkersburg
West Virginia,Parsons,Parsons
West Virginia,Philippi,Philippi
West Virginia,Point Pleasant,Point Pleasant
West Virginia,Princeton,Princeton
West Virginia,Ripley,Ripley
West Virginia,Saint Albans,Saint Albans
West Virginia,Saint Marys,Saint Marys
West Virginia,Shinnston,Shinnston
West Virginia,South Charleston,South Charleston
West Virginia,Spencer,Spencer
West Virginia,Star City,Star City
West Virginia,Summersville,Summersville
West Virginia,Vienna,Vienna
West Virginia,Weirton,Weirton
West Virginia,Wellsburg,Wellsburg
West Virginia,Weston,Weston
West Virginia,Westover,Westover
West Virginia,Wheeling,Wheeling
West Virginia,White Hall,White Hall
West Virginia,White Sulphur Springs,White Sulphur Springs
West Virginia,Winfield,Winfield
Wisconsin,Edgar,Edgar
Wisconsin,Gilman,Gilman
Wisconsin,Linden,Linden
Wisconsin,Medford,Medford
Wisconsin,Menomonie,Menomonie
Wisconsin,Newburg,Newburg
Wisconsin,Pepin,Pepin
Wisconsin,Reedsville,Reedsville
Wisconsin,Rochester,Rochester
Wisconsin,Turtle Lake,Turtle Lake
Wyoming,Bar Nunn,Bar Nunn
Wyoming,Cody,Cody
Wyoming,Cowley,Cowley
Wyoming,Guernsey,Guernsey
Wyoming,Lingle,Lingle
Wyoming,Lyman,Lyman
Wyoming,Sinclair,Sinclair
Wyoming,Star Valley Ranch,Star Valley Ranch
Wyoming,Ten Sleep,Ten Sleep
Wyoming,Thayne,Thayne
Wyoming,Wright,Wright
